Datetime,Water Level (m)
2026-04-13 00:00:00,0.065630116
2026-04-13 01:00:00,0.043615445
2026-04-13 02:00:00,0.016889764
2026-04-13 03:00:00,-0.010833154
2026-04-13 04:00:00,-0.030826075
2026-04-13 05:00:00,-0.031756494
2026-04-13 06:00:00,-0.01776154
2026-04-13 07:00:00,0.0035971596
2026-04-13 08:00:00,0.027455589
2026-04-13 09:00:00,0.0467563
2026-04-13 10:00:00,0.05248467
2026-04-13 11:00:00,0.043957517
2026-04-13 12:00:00,0.028992204
2026-04-13 13:00:00,0.00952648
2026-04-13 14:00:00,-0.014619662
2026-04-13 15:00:00,-0.038607564
2026-04-13 16:00:00,-0.05066704
2026-04-13 17:00:00,-0.04037071
2026-04-13 18:00:00,-0.016734675
2026-04-13 19:00:00,0.014768136
2026-04-13 20:00:00,0.05047733
2026-04-13 21:00:00,0.08271651
2026-04-13 22:00:00,0.10013335
2026-04-13 23:00:00,0.09685528
2026-04-14 00:00:00,0.08080551
2026-04-14 01:00:00,0.05892862
2026-04-14 02:00:00,0.030478045
2026-04-14 03:00:00,-0.0018153879
2026-04-14 04:00:00,-0.031586066
2026-04-14 05:00:00,-0.04448742
2026-04-14 06:00:00,-0.03392975
2026-04-14 07:00:00,-0.010725083
2026-04-14 08:00:00,0.02022087
2026-04-14 09:00:00,0.052010123
2026-04-14 10:00:00,0.07297712
2026-04-14 11:00:00,0.074937835
2026-04-14 12:00:00,0.064290166
2026-04-14 13:00:00,0.049707185
2026-04-14 14:00:00,0.029695202
2026-04-14 15:00:00,0.0024858303
2026-04-14 16:00:00,-0.024353793
2026-04-14 17:00:00,-0.034088183
2026-04-14 18:00:00,-0.01785804
2026-04-14 19:00:00,0.013743573
2026-04-14 20:00:00,0.06828901
2026-04-14 21:00:00,0.11827096
2026-04-14 22:00:00,0.1442395
2026-04-14 23:00:00,0.15214102
2026-04-15 00:00:00,0.1446163
2026-04-15 01:00:00,0.12463366
2026-04-15 02:00:00,0.10077114
2026-04-15 03:00:00,0.071628205
2026-04-15 04:00:00,0.037068035
2026-04-15 05:00:00,0.008600487
2026-04-15 06:00:00,0.0038177057
2026-04-15 07:00:00,0.025604332
2026-04-15 08:00:00,0.070833154
2026-04-15 09:00:00,0.12719393
2026-04-15 10:00:00,0.1642899
2026-04-15 11:00:00,0.1862415
2026-04-15 12:00:00,0.19051428
2026-04-15 13:00:00,0.17553434
2026-04-15 14:00:00,0.15516108
2026-04-15 15:00:00,0.12954526
2026-04-15 16:00:00,0.0996008
2026-04-15 17:00:00,0.07427272
2026-04-15 18:00:00,0.066704735
2026-04-15 19:00:00,0.088640235
2026-04-15 20:00:00,0.13709408
2026-04-15 21:00:00,0.18897153
2026-04-15 22:00:00,0.2284882
2026-04-15 23:00:00,0.2504744
2026-04-16 00:00:00,0.25145265
2026-04-16 01:00:00,0.23699737
2026-04-16 02:00:00,0.21394159
2026-04-16 03:00:00,0.18519042
2026-04-16 04:00:00,0.15260603
2026-04-16 05:00:00,0.11836384
2026-04-16 06:00:00,0.09555548
2026-04-16 07:00:00,0.103065684
2026-04-16 08:00:00,0.13549782
2026-04-16 09:00:00,0.18652344
2026-04-16 10:00:00,0.23220526
2026-04-16 11:00:00,0.26138017
2026-04-16 12:00:00,0.27282208
2026-04-16 13:00:00,0.2714273
2026-04-16 14:00:00,0.2557532
2026-04-16 15:00:00,0.2289738
2026-04-16 16:00:00,0.1933687
2026-04-16 17:00:00,0.15877646
2026-04-16 18:00:00,0.13114752
2026-04-16 19:00:00,0.13524674
2026-04-16 20:00:00,0.1628901
2026-04-16 21:00:00,0.21295883
2026-04-16 22:00:00,0.2575389
2026-04-16 23:00:00,0.28465074
2026-04-17 00:00:00,0.28926903
2026-04-17 01:00:00,0.27847606
2026-04-17 02:00:00,0.25619912
2026-04-17 03:00:00,0.22699876
2026-04-17 04:00:00,0.19435814
2026-04-17 05:00:00,0.158943
2026-04-17 06:00:00,0.12482711
2026-04-17 07:00:00,0.10983241
2026-04-17 08:00:00,0.12753393
2026-04-17 09:00:00,0.17455246
2026-04-17 10:00:00,0.22690898
2026-04-17 11:00:00,0.2724679
2026-04-17 12:00:00,0.29667893
2026-04-17 13:00:00,0.30165353
2026-04-17 14:00:00,0.29235533
2026-04-17 15:00:00,0.2707654
2026-04-17 16:00:00,0.24323873
2026-04-17 17:00:00,0.21016356
2026-04-17 18:00:00,0.17844008
2026-04-17 19:00:00,0.1578188
2026-04-17 20:00:00,0.16728479
2026-04-17 21:00:00,0.20388988
2026-04-17 22:00:00,0.2557499
2026-04-17 23:00:00,0.2977183
2026-04-18 00:00:00,0.31727394
2026-04-18 01:00:00,0.31695154
2026-04-18 02:00:00,0.30101985
2026-04-18 03:00:00,0.2769963
2026-04-18 04:00:00,0.24718837
2026-04-18 05:00:00,0.21454903
2026-04-18 06:00:00,0.18035321
2026-04-18 07:00:00,0.1527631
2026-04-18 08:00:00,0.15196517
2026-04-18 09:00:00,0.18270716
2026-04-18 10:00:00,0.23848641
2026-04-18 11:00:00,0.29226956
2026-04-18 12:00:00,0.3385595
2026-04-18 13:00:00,0.36069158
2026-04-18 14:00:00,0.36191794
2026-04-18 15:00:00,0.34781787
2026-04-18 16:00:00,0.32471907
2026-04-18 17:00:00,0.29536593
2026-04-18 18:00:00,0.26262113
2026-04-18 19:00:00,0.23206212
2026-04-18 20:00:00,0.22053508
2026-04-18 21:00:00,0.24528722
2026-04-18 22:00:00,0.2922235
2026-04-18 23:00:00,0.34065536
2026-04-19 00:00:00,0.37881613
